,question,answer,doc num,sentences num,answer sentence
0,What century did the Normans first gain their separate identity?,10th century,2,2,"The distinct cultural and ethnic identity of the Normans emerged initially in the first half of the 10th century, and it continued to evolve over the succeeding centuries."
1,Of what venue was Chopin an often invited guest?,Paris salons,0,0,n/a
2,Who did Rolpe Dorje send as envoys to court in Nanjing?,disciples,0,0,n/a
3,What generation saw iPod batterys being affixed with glue?,Fifth generation,0,0,n/a
4,What is a game whose enemies have more rudimentary programming than those in Twilight Princess?,The Wind Waker,0,0,n/a
5,What was the theme song for the James Bond film Spectre?,Writing's on the Wall,0,0,n/a
6,Who disregarded warnings about dams in the area?,The government,0,0,n/a
7,What individual established the National Review?,"William F. Buckley, Jr.",0,0,n/a
8,What book compiled Adults'  impressions and their impressions as children about the novel?,"Scout, Atticus, and Boo",0,0,n/a
9,In what year did solar engine build his solar engine?,1897,0,0,n/a
10,How many total CDs has Kanye West released in his career so far?,7,0,0,n/a
11,"In the Mahayana, who is thought to be an omnipresent being?",Buddha,0,0,n/a
12,"What were Fantasia Barrino, LaToya London and Jennifer Hudson called?",the Three Divas,0,0,n/a
13,Dogs show an extreme range in what two characteristics?,height and weight.,0,0,n/a
14,What method did the Chinese government use to ease the boycott situation?,censorship,0,0,n/a
15,What are the constituents of Class 1 transposable elements?,retrotransposons,0,0,n/a
16,What kind of school did Thatcher end the compulsion for existing schools to convert to?,comprehensive,0,0,n/a
17,On what date was Ngouabi assassinated?,"March 16, 1977",0,0,n/a
18,What is the term for prime minister in Pakistan?,Wazir-e-Azam,0,0,n/a
19,What year was Suranaree University of Technology founded?,1989,0,0,n/a
20,What file is utilized to exercise the rights promoted by the Robots Exclusion Standard?,Robots.txt,0,0,n/a
21,Who were always chosen as stadtholders of most of the provinces?,"the princes of Orange of the House of Orange-Nassau, beginning with William the Silent",0,0,n/a
22,Name a parasitic ectosymbiont.,lice,0,0,n/a
23,What orders fall under the royal prerogative?,troop deployment and disposition orders,0,0,n/a
24,The entire group of cardinals is known as what?,College of Cardinals,0,0,n/a
25,How many different Iranian languages exist?,86,0,0,n/a
26,What type of light would be used illuminate the entrance to a property?,Entry lights,0,0,n/a
27,Under what basis did Richard Nixon assert an expansion of the power of the President?,national security,0,0,n/a
28,What kind of movement was modern architecture in the beginning?,avant-garde movement,0,0,n/a
29,"In the IHDI, inequality is factored into what three human development dimensions?","income, life expectancy, and education",0,0,n/a
30,The encounter with Arabic knowledge put Renaissance thinkers back in touch with the teachings of which ancient civilizations?,Greek and Roman,2,1,"Following a renewed interest in ancient Greek and Roman texts that took root in the High Middle Ages, the Italian Renaissance began."
31,When did the BBC start exploring the use of internet streaming?,2008,0,0,n/a
32,In what year did Schwarzenegger and Maria Shriver separate?,2011,0,0,n/a
33,What is Dawn French's job?,comedian,0,0,n/a
34,What is said to be a special spiritual problem?,Jewish circumcision,0,0,n/a
35,What was the name of the East German armed forces?,the National People's Army,3,1,"One of the founding members, East Germany was allowed to re-arm by the Soviet Union and the National People's Army was established as the armed forces of the country to counter the rearmament of West Germany."
36,What are some of the findings that support their argument?,quantum mechanics and chaos theory.,0,0,n/a
37,What does 基督徒 (pinyin: jīdū tú) mean?,Christ follower,0,0,n/a
38,What label for the Greek market were artists on under the Sony umbrella?,Feelgood Records,0,0,n/a
39,Which airport is the busiest?,Will Rogers World Airport,0,0,n/a
40,What group arrangement is usual in family authority?,matrilocal,0,0,n/a
41,Controversy regarding these accusations has caused conflict with how many presidential administrations?,three,0,0,n/a
42,To what position was Malenkov demoted?,deputy Prime Minister,1,1,"On February 8, 1955, Malenkov was officially demoted to deputy Prime Minister."
43,What city did Bell arrive at by train?,Paris,1,2,"After landing at Quebec City the Bells transferred to another steamer to Montreal and then boarded a train to Paris, Ontario, to stay with the Reverend Thomas Henderson, a family friend."
44,At what establishment was the circular bar introduced?,Swindon station pub,0,0,n/a
45,"who is served by dial-up, dsl, adsl, cable modems, or isdns?",users and small businesses,2,1,"For users and small businesses, traditional options include copper wires to provide dial-up, DSL, typically asymmetric digital subscriber line (ADSL), cable modem or Integrated Services Digital Network (ISDN) (typically basic rate interface)."
46,When did Outcault's The Yellow Kid appear in newspapers?,1890s,5,2,"Europeans have seen their tradition as beginning with the Swiss Rodolphe Töpffer from as early as 1827 and Americans have seen the origin of theirs in Richard F. Outcault's 1890s newspaper strip The Yellow Kid, though many Americans have come to recognize Töpffer's precedence."
47,What % of people are employed in the private sector in Saint Helena?,45,0,0,n/a
48,"Whether a stop was labial, coronal or velar depended on what two things?",dialect and phonetic environment,0,0,n/a
49,What year was the first nickel hydrogen battery used?,1977,1,1,The nickel hydrogen battery was used for the first time in 1977 aboard the U.S. Navy's Navigation technology satellite-2 (NTS-2).
50,Which of two Voskhod 2's occupants was almost killed?,Alexey Leonov,0,0,n/a
51,What is it called when content is changed from markup to an interactive document?,rendering,2,1,"is passed to the browser's layout engine to be transformed from markup to an interactive document, a process known as ""rendering""."
52,"In 2007, what was the reported resolution of the BeiDou system?",as high as 0.5 metres,1,1,"In 2007, the official Xinhua News Agency reported that the resolution of the BeiDou system was as high as 0.5 metres."
53,What is the Arabic term meaning canon?,Qanun,0,0,n/a
54,"What type of services were offered in Somali, Amharic, and Oromo?",home service,0,0,n/a
55,How many verbs are in the third conjugation?,700,2,2,"Only the first conjugation is nowadays productive (with about 3500 common verbs), whereas the third (the subtype of servir, with about 700 common verbs) is semiproductive."
56,WBUR and WGBH are exaples of what type of radio station?,NPR,0,0,n/a
57,Who was a notable talent agent circa 1950?,Lew Wasserman,0,0,n/a
58,What is the technique Aavic used to create Estonian words out of nothing?,creations ex nihilo,0,0,n/a
59,How many sheets of A1 paper would cover one single piece of A0 paper?,2,1,2,"For example, a ream of 20 lb, 8.5 in × 11 in (216 mm × 279 mm) paper weighs 5 pounds, because it has been cut from a larger sheet into four pieces."
60,"Along with smooth soul and quiet storm, what genre influenced adult contemporary R&B?",Philly soul,1,1,"As the use of drum machines, synthesizers, and sequencers dominates R&B-rooted music, adult contemporary R&B tends to take most of its cues from the more refined strains of 1970s soul, such as smooth soul, Philly soul and quiet storm."
61,"Along with energy crisis, what other significant historical event led to countries adopting DST?",war,0,0,n/a
62,What country did Pringle cite as having homes with better proportions than those found in the UK?,Holland,0,0,n/a
63,In what year did NARA become an independent agency?,1985,1,1,The National Archives was incorporated with GSA in 1949; in 1985 it became an independent agency as NARA (National Archives and Records Administration).
64,What is the population of the island?,267,1,2,The island has a population of 267 as of January 2016.
65,What division of the University of Kansas contributed to the development of the internet?,academic computing,0,0,n/a
66,During what dynasty did Nanjing become a thriving textile city?,the Song dynasty,0,0,n/a
67,What model of ownership is commonly used in American professional sports?,franchise model,3,1,"Prior to that, the league followed the franchise model more common in North American professional sports leagues; each team essentially operated as its own business and the league itself was a separate entity which in exchange for franchise fees paid by the team owners provided rules, officials, scheduling and the other elements of organizational structure."
68,At its founding. what was the official language of the Republic of China?,Standard Mandarin,1,1,"With the founding of the Republic of China, Standard Mandarin was designated as the official language, based on the spoken language of Beijing."
69,Who holds the legislative power?,The City Parliament,0,0,n/a
70,How many bells make up the abbey ring?,Ten,2,2,"Outside of kayfabe, this is done to give wrestlers a break from the action (as these matches tend to go on for long periods of time), and to make the action in the ring easier to choreograph."
71,The potential for corruption in public spending are one of the arguments that favor what?,privatization and deregulation,0,0,n/a
72,What was less standardized during the Baroque era?,the types of instruments used in ensembles,1,2,One major difference between Baroque music and the classical era that followed it is that the types of instruments used in ensembles were much less standardized.
73,What were some of the multi-ethnic confederacies of Eurasia?,"the Sarmatian, Hun and Gothic empires",0,0,n/a
74,What kind of engineering does industry in Southampton support?,electrical,0,0,n/a
75,A protocol may either amend a previous treaty or do what?,add additional provisions,1,1,"A protocol can amend the previous treaty, or add additional provisions."
76,Who wrote a book about Tito questioning his true origin?,Aleksandar Matunović,1,1,"Tito's personal doctor, Aleksandar Matunović, wrote a book about Tito in which he also questioned his true origin, noting that Tito's habits and lifestyle could only mean that he was from an aristocratic family."
77,In what month and year did the Marshall Islands declare the largest shark sanctuary in the world?,October 2011,0,0,n/a
78,Were the szlachta obscure and mysterious or obvious and proud.,obscurity and mystery,0,0,n/a
79,What other career did Virgil consider?,rhetoric and law,1,2,"After considering briefly a career in rhetoric and law, the young Virgil turned his talents to poetry."
80,Who ordered the construction of a paved road?,Napoléon Bonaparte,0,0,n/a
81,What is known as the 3' end?,an exposed hydroxyl group on the deoxyribose,0,0,n/a
82,What type of secondary schools does Guinea-Bissau have?,general as well as technical,1,1,"Guinea-Bissau has several secondary schools (general as well as technical) and a number of universities, to which an institutionally autonomous Faculty of Law as well as a Faculty of Medicine have been added."
83,In which neighborhood is the Manhattanville Bus Depot?,Manhattanville,4,1,The Manhattanville Bus Depot (formerly known as the 132nd Street Bus Depot) is located on West 132nd and 133rd Street between Broadway and Riverside Drive in the Manhattanville neighborhood.
84,Which group of animals have brains 5-10 times larger than the formula predicts?,primates,5,2,"In intelligent mammals, such as primates, the cerebrum is larger relative to the rest of the brain."
85,Where was the Roman emperor's capital?,Constantinople,0,0,n/a
86,When was the case against the Gang of Four?,1980,0,0,n/a
87,Who are two of the Assistant Chiefs of the Defence Staff?,Assistant Chief of the Defence Staff (Reserves and Cadets) and the Defence Services Secretary in the Royal Household of the Sovereign of the United Kingdom,0,0,n/a
88,How many major HDTV systems were tested by SMPTE in the late 70's?,four,5,1,The four-rail system solves the problem.
89,What has been the primary purpose of wood for millennia other than fuel?,construction material,1,1,"People have used wood for millennia for many purposes, primarily as a fuel or as a construction material for making houses, tools, weapons, furniture, packaging, artworks, and paper."
90,In what year did Sanchez publish his study on Somali ethnicity?,2005,0,0,n/a
91,"According to a misconception, what did the rise of Christianity destroy?",ancient science,3,1,"Other misconceptions such as ""the Church prohibited autopsies and dissections during the Middle Ages"", ""the rise of Christianity killed off ancient science"", or ""the medieval Christian church suppressed the growth of natural philosophy"", are all cited by Numbers as examples of widely popular myths that still pass as historical truth, although they are not supported by current historical research."
92,Stress and intonation are studied under what topic?,prosody,2,2,"Phonology also includes topics such as phonotactics (the phonological constraints on what sounds can appear in what positions in a given language) and phonological alternation (how the pronunciation of a sound changes through the application of phonological rules, sometimes in a given order which can be feeding or bleeding,) as well as prosody, the study of suprasegmentals and topics such as stress and intonation."
93,Billions of instructions per second are called what in computer terms?,(gigaflops),1,1,A typical modern computer can execute billions of instructions per second (gigaflops) and rarely makes a mistake over many years of operation.
94,What town had it's own black community?,Ulcinj,1,1,"Due to the Ottoman slave trade that had flourished in the Balkans, the coastal town of Ulcinj in Montenegro had its own black community."
95,What is the name of the section that features football on Mondays in The Times?,The Game,5,1,The Northwestern University Marching Band (NUMB) performs at all home football games and leads cheers in the student section and performs the Alma Mater at the end of the game.
96,On which date is the annual Republic Day parade held in New Delhi?,26 January,1,1,The annual Republic Day parade takes place here on 26 January.
97,Which directions were the Swallows flying?,northward,0,0,n/a
98,Who was the creator of salt water taffy?,David Bradley,0,0,n/a
99,What are the four factors that determine how the body reacts to an antigen?,"person's age, antigen type, maternal factors and the area",0,0,n/a
100,The initial work was aimed at determining critical ratios and what else?,critical bandwidths,0,0,n/a
101,Why were DJs inspired to create their own house records?,differentiate the clubs and DJs,0,0,n/a
102,Why are uppercase letters preferred often times when space is restricted?,easier to distinguish than lowercase,0,0,n/a
103,The Porfiriato ended in which year?,1910,1,2,The end of the Porfiriato came in 1910 with the beginning of the Mexican Revolution.
104,What is the point of conflict between Sunni and Shia?,the word 'Mawla',1,1,The major point of conflict between the Sunni and the Shia is in the interpretation of the word 'Mawla'.
105,A440 in linear pitch are what size?,69,1,1,"This creates a linear pitch space in which octaves have size 12, semitones (the distance between adjacent keys on the piano keyboard) have size 1, and A440 is assigned the number 69."
106,In what year did Capello resign as England's football manager?,2012,0,0,n/a
107,"Until 2010, which airline made Houston its headquarters?",Continental Airlines,0,0,n/a
108,What country was the top producer of copper in 2005?,Chile,1,1,"According to the British Geological Survey, in 2005, Chile was the top mine producer of copper with at least one-third world share followed by the United States, Indonesia and Peru."
109,Modern concerns with ethnicity and social movements in the 1970's led what group to be more interested in identity?,anthropologists,1,2,"In the same way as Barth, in his approach to ethnicity, advocated the critical focus for investigation as being ""the ethnic boundary that defines the group rather than the cultural stuff that it encloses"" (1969:15), social anthropologists such as Cohen and Bray have shifted the focus of analytical study from identity to the boundaries that are used for purposes of identification."
110,Who assists the Superintendent of Police?,the officers of the Himachal Police Service and other Himachal Police officials.,4,2,He is assisted by the officers of the Himachal Police Service and other Himachal Police officials.
111,What describes communication as creative and dynamic rather than discrete?,Theories of coregulation,1,1,"[citation needed]
Theories of coregulation describe communication as a creative and dynamic continuous process, rather than a discrete exchange of information."
112,What species of grape are grown by Black Monukka?,Vitis vinifera,0,0,n/a
113,When did Public Safety Canada unveil Canada's Cyber Security Strategy?,"October 3, 2010",0,0,n/a
114,What overlaps significantly with Hasidic Judiasm?,Haredi Judaism,1,1,"Hasidic or Chasidic Judaism overlaps significantly with Haredi Judaism in its engagement with the secular and commercial world, and in regard to social issues."
115,What are some examples of non-bilaterian animals?,"Porifera, Ctenophora, Cnidaria and Placozoa",0,0,n/a
116,When is a beer at its most flavorful?,unchilled,0,0,n/a
117,"Prior to 1997, where were racial categories declared for the U.S. Census?",OMB directive no. 15,0,0,n/a
118,Which inscription was eliminated due to the Statue of Liberty being added to the coin?,"""Liberty""",1,1,"The inscription ""Liberty"" has been eliminated, with the Statue of Liberty serving as a sufficient replacement."
119,Why was the Royal College of Chemistry founded?,in the United Kingdom the teaching of chemistry in particular had fallen behind that in Germany,0,0,n/a
120,How many rivers run through Hanover?,two,0,0,n/a
121,How many emotional categories did Turner recognize as being founded on human neurology?,four,1,2,"Based on this analysis, he identified four emotions that all researchers consider being founded on human neurology including assertive-anger, aversion-fear, satisfaction-happiness, and disappointment-sadness."
122,What nickname is used for Everton's club supporters?,Evertonians,1,1,The club's supporters are known as Evertonians.
123,When did Alfred the Great's reign begin?,871,0,0,n/a
124,What purpose were excort carriers developed for?,to provide defense for convoys of ships,1,1,"By comparison, escort carriers were developed to provide defense for convoys of ships."
125,A heavy penalty for violating FAA reulations could said to be do what?,impact their ability to continue operating,1,1,"For example, to levy a heavy penalty upon an airline for violating an FAA regulation which would impact their ability to continue operating would not be considered encouraging aerospace travel."
126,Whos flag officially is a red rose on a white field?,Montrose in Scotland,0,0,n/a
127,What types of species are thought to still have been dominate until after the extinction?,cycad and ferns,1,1,"By the end of the Cretaceous, angiosperms dominated tree floras in many areas, although some evidence suggests that biomass was still dominated by cycad and ferns until after the Cretaceous–Paleogene extinction."
128,In what US state did a rural area use videoconferencing to help reduce the number of transfers of sick infants to hospitals? ,Ohio,1,1,"For example, a rural medical center in Ohio, United States, used videoconferencing to successfully cut the number of transfers of sick infants to a hospital 70 miles (110 km) away."
129,When did the First Council of Nicaea rule that Easter be celebrated by all Christians?,on the same day,1,1,"Although a recommendation of the First Council of Nicaea in 325 specified that all Christians should celebrate Easter on the same day, it took almost five centuries before virtually all Christians achieved that objective by adopting the rules of the Church of Alexandria (see Easter for the issues which arose)."
130,What was the original user interface for the 360 called?,Xbox 360 Dashboard,0,0,n/a
131,What treaty with England conflicted with the United States' Treaty of Alliance with France?,the Jay Treaty,0,0,n/a
132,When did Motley Crue's album Shout At The Devil come out?,1983,1,1,"This was followed by US acts like Mötley Crüe, with their albums Too Fast for Love (1981) and Shout at the Devil (1983) and, as the style grew, the arrival of bands such as Ratt, White Lion, Twisted Sister and Quiet Riot."
133,who brought the term great plains into widespread usage?,Nevin Fenneman's,1,1,"Nevin Fenneman's 1916 study, Physiographic Subdivision of the United States, brought the term Great Plains into more widespread usage."
134,"Along with the emission peaks and vs. bands mechanisms, what other physical mechanism is used to define near-infrared?",water absorption,1,1,"Other definitions follow different physical mechanisms (emission peaks, vs. bands, water absorption) and the newest follow technical reasons (the common silicon detectors are sensitive to about 1,050 nm, while InGaAs's sensitivity starts around 950 nm and ends between 1,700 and 2,600 nm, depending on the specific configuration)."
135,What type of biodiversity happens near the equator?,Terrestrial biodiversity,1,1,"Terrestrial biodiversity tends to be greater near the equator, which seems to be the result of the warm climate and high primary productivity."
136,Why was the code patterned so that most codes were together?,for ease of identification,1,1,"The code itself was patterned so that most control codes were together, and all graphic codes were together, for ease of identification."
137,What does every stpe of digestion require?,energy,0,0,n/a
138,What is a round-off entry vault called?,Yurchenko,1,1,"A round-off entry vault, called a Yurchenko, is the most common vault in elite level gymnastics."
139,"At this time, what type of players were added to Barcelona?",international,0,0,n/a
140,Is the RICO Act still used today?,The RICO Act is still used,3,1,The RICO Act is still used today for all organized crime and any individuals who might fall under the Act.
141,Which Gospel writer provided a version of the virgin birth that was different than Matthew's?,Luke,0,0,n/a
142,Who oversees education in Melbourne?,Victorian Department of Education and Early Childhood Development (DEECD),0,0,n/a
143,How many legitimate children did John have?,five,1,1,"John had five legitimate children, all by Isabella."
144,What did the iMac need to use in order to write CDs or other media?,external third-party hardware,2,2,"It replaced a floppy disk drive with a CD-ROM drive for installing software, but was incapable of writing to CDs or other media without external third-party hardware."
145,"In addition to sensors and technical fire control, and weapons, what else did air defence evolution cover?",command and control,1,1,"Air defence evolution covered the areas of sensors and technical fire control, weapons, and command and control."
146,Which composer featured Sanskrit music in his movies?,John Williams,1,1,Composer John Williams featured choirs singing in Sanskrit for Indiana Jones and the Temple of Doom and in Star Wars: Episode I – The Phantom Menace.
147,Who was expelled from Valencia after James I's victory?,the Muslim population,0,0,n/a
148,Who provided financial backing for the Edison Lighting Company?,J.P. Morgan and the Vanderbilt family,0,0,n/a
149,How many military services beling to the Department of Defense?,four,0,0,n/a
150,What was the date on which jFarve and Bismarck met?,24 January,0,0,n/a
151,Identity achievement rarely occurs before what age?,18,4,2,"For every 100 females age 18 and over, there were 91.3 males."
152,During what season does the emperor penguin breed?,winter,0,0,n/a
153,What was the Eritrean region known as during the Middle Ages?,Medri Bahri,1,1,"During the Middle Ages, the Eritrea region was known as Medri Bahri (""sea-land"")."
154,How many times more abundant than silver is uranium in the Earth's crust?,40,1,1,"Uranium's average concentration in the Earth's crust is (depending on the reference) 2 to 4 parts per million, or about 40 times as abundant as silver."
155,Who established the chivalry of british constiutional monarchy?,King George V,0,0,n/a
156,Where is the primary circadian gene located in humans?,suprachiasmatic nucleus,1,2,"The primary circadian ""clock"" in mammals is located in the suprachiasmatic nucleus (or nuclei) (SCN), a pair of distinct groups of cells located in the hypothalamus."
157,Where did Elizabeth visit on her first solo public appearance?,Grenadier Guards,1,1,"In 1943, at the age of 16, Elizabeth undertook her first solo public appearance on a visit to the Grenadier Guards, of which she had been appointed colonel the previous year."
158,What issues to Savin address during this talk?,"basing findings regarding sexual orientation on a single component, researchers may not actually capture the intended population",0,0,n/a
159,How many committees are appointed by the board of directors at Dell?,five,1,1,The board of directors usually sets up five committees having oversight over specific matters.
160,"What state's law mandated that executions occur in """"room or place enclosed from public view""?",New Mexico's,0,0,n/a
161,Jonathon Israel rejects the notion that the revolutionary ideas were by products of what transformations?,social and economic,0,0,n/a
162,How much does the NES unit weigh in pounds?,11.7,1,2,The unit itself weighs approximately 11.7 pounds without a TV.
163,Who succeeded the Emperor Constantius?,Julian,1,1,"The Emperor Constantius, who had been the cause of so much trouble, died 4 November, 361 and was succeeded by Julian."
164,What type of land area is at most risk of earthquake damage?,reclaimed land,0,0,n/a
165,Is it important to know how information is coded in the brain?,that is crucial,2,1,One question that is crucial in cognitive neuroscience is how information and mental experiences are coded and represented in the brain.
166,What cause wives to be unable to move to the US with their Chinese husbands after 1882?,the Chinese Exclusion Act,0,0,n/a
167,What did a 2013 study of Ashkenazi mitochondrial DNA find in regards to the Khazar descent idea?,no significant evidence of Khazar contribution to the Ashkenazi Jewish DNA,0,0,n/a
168,What is the name of the process in which possible drugs are discovered?,Drug discovery,1,2,"For his ""pioneering research into a new class of molecules"" for ""lowering cholesterol,""[sentence fragment]
Drug discovery is the process by which potential drugs are discovered or designed."
169,Along what highway did Umar bin Abdul-Aziz build caravanserais?,Khurasan,1,1,Umar bin Abdul-Aziz developed it further by building caravanserais at stages along the Khurasan highway.
170,What is the French term for natural asphalt?,asphalte,0,0,n/a
171,What did Victoria wear upon her death in her coffin? ,She was dressed in a white dress and her wedding veil,0,0,n/a
172,What is not allowed when Grand Lodges are not in amity? ,inter-visitation,1,1,"When two Grand Lodges are not in amity, inter-visitation is not allowed."
173,When did the Israel national football team qualify to the FIFA World Cup?,1970,4,1,"In 1964 Israel hosted and won the Asian Nations Cup; in 1970 the Israel national football team managed to qualify to the FIFA World Cup, which is still considered[by whom?]"
174,The Parthian Empire worshipped Greek Gods and what other cultures deities?,Iranian,2,1,The Parthians continued worhipping Greek gods syncretized together with Iranian deities.
175,What did the office that ijm opened do specifically ,"conducting undercover investigations, training law enforcement, rescuing victims, ensuring appropriate aftercare, and seeking perpetrator accountability"".",0,0,n/a
176,What year did the Colorados defeat Oribe?,1851,1,1,"Finally, in 1851, with the additional support of Argentine rebels who opposed Rosas, the Colorados defeated Oribe."
177,What is the Europeon model of the poultry business ?,the European Union supply chain model seeks to supply products which can be traced back to the farm of origin,0,0,n/a
178,What's the name of the river that marks a dialect divide in the Netherlands?,IJssel,0,0,n/a
179,Where are the Queen and Prince Phillip's apartments located?,the north wing,3,1,The Queen and Prince Philip use a smaller suite of rooms in the north wing.
180,Why does water increase lamp darkening?,"The oxygen attacks the tungsten metal, and the resulting tungsten oxide particles travel to cooler parts of the lamp.",0,0,n/a
181,Which fan club is closely allied to the Arsenal club?,Arsenal Football Supporters' Club,0,0,n/a
182,What property of clothing is important in cold climates?,thermal insulation,1,1,"In hot climates, clothing provides protection from sunburn or wind damage, while in cold climates its thermal insulation properties are generally more important."
183,Who was the first team to play in three consecutive Fall Classics?,The Cubs,3,1,"The Cubs won back-to-back World Series championships in 1907 and 1908, becoming the first Major League team to play in three consecutive Fall Classics, and the first to win it twice."
184,Why was the US not able to provide an adequate response to the Korean invasion?,defense budget cutbacks,0,0,n/a
185,Who did a study in 2007 regarding the five countries with the highest rates of software piracy?,BSA and International Data Corporation,2,1,"According to a 2007 BSA and International Data Corporation (IDC) study, the five countries with the highest rates of software piracy were: 1."
186,Greece's plant distribution belongs to what?,the Boreal Kingdom,1,1,"Phytogeographically, Greece belongs to the Boreal Kingdom and is shared between the East Mediterranean province of the Mediterranean Region and the Illyrian province of the Circumboreal Region."
187,What amount had Royal Dutch Shell invested in the project by the end of 2012?,nearly US$5 billion,1,1,Royal Dutch Shell had invested nearly US$5 billion by this stage of the project.
188,Which mammal is the smallest?,bumblebee bat,0,0,n/a
189,what general played the biggest role in the capture of the seven Dutch East Indiamen?,General Goddard,2,1,"Lastly, on 15 June 1795, the General Goddard played a large role in the capture of seven Dutch East Indiamen off St Helena."
190,What is an example of the Min Nan Texts?,Doctrina Christiana en letra y lengua china,0,0,n/a
191,How do the wrestlers treat the audience?,The audience is recognized and acknowledged by the performers as spectators,0,0,n/a
192,What standards changed what Japanese camera makers have to specify?,CIPA DC-004,0,0,n/a
193,Where does Cirque du Soleil go in Mexico City?,Carpa Santa Fe,1,1,"The Cirque du Soleil has held several seasons at the Carpa Santa Fe, in the Santa Fe district in the western part of the city."
194,The Concodat restored significant power to what position?,the papacy,0,0,n/a
195,What century did King Charlemagne reign? ,9th,2,2,The Magyars settled Hungary around 900 under King Árpád (d. c. 907) after a series of invasions in the 9th century.
196,Which Island in Southeast Asia is densely populated?,Java,0,0,n/a
197,What is the stated mission of BYU?,"""is to assist individuals in their quest for perfection and eternal life.""",1,1,"BYU's stated mission ""is to assist individuals in their quest for perfection and eternal life."""
198,"What store was founded in Paris, in 1838, which sold a wide variety of products? ",Au Bon Marché,0,0,n/a
199,What type of company was Napster?,file-sharing,0,0,n/a
200,What did many black migrate from florida ,"response to segregation, disfranchisement and agricultural depression, many African Americans migrated from Florida to northern cities",0,0,n/a
201,What was Brian May's zodiac sign?,Cancer,0,0,n/a
202,What was the name of the group that was created whenPresbyterian Church of England (PCofE) united with the Congregational Church in England and Wales were united?,United Reformed Church,2,1,"In 1972, the Presbyterian Church of England (PCofE) united with the Congregational Church in England and Wales to form the United Reformed Church (URC)."
203,When were three additional roads built?,during the 1990s and 2000s,0,0,n/a
204,What term is used for predators and prey being well suited to hunt and evade each other?,evolutionary arms race,4,2,"Selective pressures imposed on one another has led to an evolutionary arms race between prey and predator, resulting in various antipredator adaptations."
205,During what era did newsstand distribution begin to tail off markedly for Marvel?,the mid-1970s,1,1,In the mid-1970s a decline of the newsstand distribution network affected Marvel.
206,When did James I negotiate the Treaty of London?,1604,0,0,n/a
207,What is this kind of introduction and transfer used for?,creation of genetically modified crops,0,0,n/a
208,When did Madonna's album demo leaked online?,December 2014,1,1,"In December 2014, thirteen demos recorded for the album leaked onto the Internet."
209,Regulations normally carry the force of what?,law,4,2,"Under the principle of Chevron deference, regulations normally carry the force of law as long as they are based on a reasonable interpretation of the relevant statutes."
210,What other countries were in disagreement with the United Nations decision on Burma ?,South Africa,0,0,n/a
211,What is the rate of interreligious marriage in the United Kingdom?,53%,0,0,n/a
212,Until what event did the ancient methods of spinning and fabrication of cotton last?,industrialization,1,1,"Cotton cultivation in the region is dated to the Indus Valley Civilization, which covered parts of modern eastern Pakistan and northwestern India between 3300 and 1300 BCE The Indus cotton industry was well-developed and some methods used in cotton spinning and fabrication continued to be used until the industrialization of India."
213,What is used for CD ripping?,audio compression,0,0,n/a
214,When is the weekly Mail forecast to pass The Sun in terms of circulation?,during 2016,0,0,n/a
215,What is the main way that peticides perform their function?,by poisoning pests,0,0,n/a
216,How many counties had no casualties in WW1 ,"only nine, described as the Thankful Villages, had none of their residents killed",0,0,n/a
217,Which Yale president assisted with New Haven's revitalization efforts?,President Levin,1,1,"Under President Levin, Yale has financially supported many of New Haven's efforts to reinvigorate the city."
218,What was the result of the Hungarian nobility's refusal to accept Sigismund claim as Louis' heir?,internal war,2,1,"The Hungarian nobility did not accept his claim, and the result was an internal war."
219,How many voting members are there in the city- council?,11,1,2,The City Council has 11 voting members: the mayor and 10 city council members.
220,Who is a projecting Lady Chapel dedicated to?,the Virgin Mary,1,1,"It is often square ended or has a projecting Lady Chapel, dedicated to the Virgin Mary."
221,What was Gertrude Stein's brother's name?,Leo,0,0,n/a
222,What was one of the defining ideological movements of the Twentieth Century?,The Marxist critique of capitalism,0,0,n/a
223,When did Benjamin Huntsman begin to melt blister steel in a crucible,1740,1,1,"In 1740, Benjamin Huntsman began melting blister steel in a crucible to even out the carbon content, creating the first process for the mass production of tool steel."
224,When did N Force leave Norfolk Island during the time of World War II?,February 1944,1,1,The island proved too remote to come under attack during the war and N Force left the island in February 1944.
225,When was Burke's final publication?,October 1796,0,0,n/a
226,What genre of music greatly influenced the culture in Samoa?,Hip hop,1,2,"Other successful Samoan hip hop artists include rapper Scribe, Dei Hamo, Savage and Tha Feelstyle whose music video Suamalie was filmed in Samoa."
227,What was Giovanni's mother descended from?,rural nobility,4,1,"His mother was Giudetta Alghisi, from a family of rural nobility."
228,Who broke the world record set by Jacobi's first motor?,Jacobi himself,1,1,His motor set a world record which was improved only four years later in September 1838 by Jacobi himself.
229,What do some news commentators claim is violated by the restricted immigration proposal?,bilateral agreements on the free movement of persons,0,0,n/a
230,Who was president during the March protests?,Moussa Traoré,0,0,n/a
231,What frames Midtown Raleigh?,"Glenwood/Creedmoor Road to the West, Wake Forest Road to the East, and Millbrook Road",0,0,n/a
232,"Other than time consuming, what else are nutritional studies due to their length and variable count?",expensive,5,1,"If through traffic is to have any benefit, time consuming engine switches must occur to make such connections or expensive dual mode engines must be used."
233,Who was given the special role of guardian over the Orthodox Christians in Moldavia and Wallachia?,Russia,3,2,The Russians evacuated Wallachia and Moldavia in late July 1854.
234,What is one of the largest NPOs outside of the United States?,British Wellcome Trust,1,1,"Outside the United States, another large NPO is the British Wellcome Trust, which is a ""charity"" by British usage."
235,Prose literature can be sub-divided into what formats?,"the novel, short story or drama",0,0,n/a
236,"In Avicenna's ""Floating Man"", what could the essence of a person not be?",the body,1,1,"That essence could not be the body, obviously, as the flying person has no sensation."
237,What was invented in the early Han dynasty from the small seal script?,clerical script,4,1,"For example, the orthodox character 來 lái (""come"") was written with the structure 来 in the clerical script (隶书 / 隸書, lìshū) of the Han dynasty."
238,"What is the Olympic tradition for Bermuda, regardless of season?",march in the Opening Ceremony in Bermuda shorts,1,1,"It is tradition for Bermuda to march in the Opening Ceremony in Bermuda shorts, regardless of the summer or winter Olympic celebration."
239,What is the Organisation for African Unity now known as?,the African Union,0,0,n/a
240,What became the dominant province ,towards its dominant province Holland,0,0,n/a
241,Why did Soviets create fake elections in Poland?,legitimization of Soviet annexation of eastern Poland,1,1,"The Soviets organized staged elections, the result of which was to become a legitimization of Soviet annexation of eastern Poland."
242,Who first discovered the basic properties of capacitors?,Ewald Georg von Kleist,0,0,n/a
243,What language did the important scientific works get translated into for universities and monasteries?,Latin,2,1,"At the beginning of the 13th century, there were reasonably accurate Latin translations of the main works of almost all the intellectually crucial ancient authors, allowing a sound transfer of scientific ideas via both the universities and the monasteries."
244,What age are the original DigiDestined now that they are in High School?,fourteen,1,1,"Three years later, with most of the original DigiDestined now in high school at age fourteen, the Digital World was supposedly secure and peaceful."
245,What are some distinguishing glacial features?,"crevasses, seracs",1,1,"Glaciers slowly deform and flow due to stresses induced by their weight, creating crevasses, seracs, and other distinguishing features."
246,In what year did this newspaper confer this honor on Comcast?,2009,0,0,n/a
247,What segment of the population gets the TB vaccine in countries like Canada with a very low incidence of infection?,high risk,0,0,n/a
248,What does the AAPF believe the goal of affirmative action should be?,to address race-based obstacles that block the path to success,0,0,n/a
249,Who was the long-serving president of the FA cup?,Lord Kinnaird,0,0,n/a
250,The increase in immigrants from what country in southern Europe had a notable impact on the population growth in New Haven in the early 20th century?,Italy,0,0,n/a
251,In 1685 Edict Fontainebleau by way of the French King ordered what to be done?,the suppression of French Protestantism,4,1,"The 1685 Edict of Fontainebleau, by which the French king ordered the suppression of French Protestantism, was not applied in Alsace."
252,What is the only state in India in which Carnival is celebrated?,Goa,0,0,n/a
253,What does the perpetuity view assume?,that the Baptist faith and practice has existed since the time of Christ,0,0,n/a
254,"How many child slaves were reported in cocoa, coffee and cotton farms?","15,000",2,2,"In 2001, the US State Department estimated there were 15,000 child slaves cocoa, cotton and coffee farms in the Ivory Coast, and the Chocolate Manufacturers Association acknowledged that child slavery is used in the cocoa harvest."
255,What is the largest mall in the carolinas?,SouthPark Mall,1,1,"SouthPark Mall in Charlotte is currently the largest in the Carolinas, with almost 2.0 million square feet."
256,Masakado led an uprising in what province?,Hitachi,0,0,n/a
257,How many editions did On the Origin of Species go through during Darwin's lifetime?,six editions,1,1,"During Darwin's lifetime the book went through six editions, with cumulative changes and revisions to deal with counter-arguments raised."
258,When did Gorbachev make his final Kremlin exit?,"December 25, 1991, at 7:32 p.m. Moscow time",0,0,n/a
259,How does Paul view the Resurrection of Jesus?,power of the cross,1,1,"For Paul the ""power of the cross"" is not separable from the Resurrection of Jesus."
260,"When Hong Kong was a colony of Great Britain, which body was the highest court of appeal?",the Judicial Committee of the Privy Council (JCPC),0,0,n/a
261,What will an editor do in the case where an author's work was not wiped out?,the manuscript should generally serve as copy-text,1,1,For works where an author's manuscript survived – a case Greg had not considered – Bowers concluded that the manuscript should generally serve as copy-text.
262,What company was vital in progression of quality sound recordings?,Western Electric,1,2,The intent of the new Western Electric system was to improve the overall quality of disc recording and playback.
263,In what year did the Motion Picture Production Code cease?,1968,5,1,"TCM's film content has remained mostly uncut and uncolorized (with films natively filmed or post-produced in the format being those only ones presented in color), depending upon the original content of movies, particularly movies released after the 1968 implementation of the Motion Picture Association of America's ratings system and the concurrent disestablishment of the Motion Picture Production Code."
264,What does Nyaya say causes human suffering?,mistakes/defects,3,1,It holds that human suffering results from mistakes/defects produced by activity under wrong knowledge (notions and ignorance).
265,Name the two people who's concepts of universal rights influenced the Whigs.,Locke and Algernon Sidney,2,1,"A major influence on the Whigs were the liberal political ideas of John Locke, and the concepts of universal rights employed by Locke and Algernon Sidney."
266,What is another term occasionally used to refer to A cappella?,alla breve,1,1,"The term is also used, albeit rarely, as a synonym for alla breve."
267,During what time period did the Albigensian Crusade occur?,1209–1229,3,1,"At that time the south of France was the stronghold of the Cathar or Albigensian heresy, named after the Duke of Albi, a Cathar sympathiser and opponent to the subsequent Albigensian Crusade (1209–1229)."
268,Why was a subject ordered to appear to Pop-Tanning in old trousers?,the caning would cut the cloth to shreds,4,1,"The culprit was summoned to appear in a pair of old trousers, as the caning would cut the cloth to shreds."
269,When did the Cork Tramway Company start a horse driven tram system?,1872,1,1,"A proposal to develop a horse-drawn tram (linking the city's railway termini) was made by American George Francis Train in the 1860s, and implemented in 1872 by the Cork Tramway Company."
270,What is Galicia's main mountain range?,Macizo Galaico,1,1,"The main mountain range is the Macizo Galaico (Serra do Eixe, Serra da Lastra, Serra do Courel), also known as Macizo Galaico-Leonés, located in the eastern parts, bordering with Castile and León."
271,Is USB cheaper or more expensive than PoE?,cheaper,5,1,"Due to the larger volume of demand, videocassettes quickly became much cheaper to duplicate, costing as little as $1.00 by the beginning of the 1990s."
272,By how much did foreign trade increase in Sichuan in 2008?,53.3 percent,1,1,"According to the Sichuan Department of Commerce, the province's total foreign trade was US$22.04 billion in 2008, with an annual increase of 53.3 percent."
273,What were the first 256 code points of Unicode made identical to? ,ISO-8859-1,1,1,The first 256 code points were made identical to the content of ISO-8859-1 so as to make it trivial to convert existing western text.
274,Who was Michigan's governor in 2013?,Rick Snyder,0,0,n/a
275,What areas within Greater London have city status?,the City of London and the City of Westminster,1,1,"Within London, both the City of London and the City of Westminster have city status and both the City of London and the remainder of Greater London are counties for the purposes of lieutenancies."
276,Which Prussian linguist called for an anthropology?,Wilhelm von Humboldt,5,1,"In 1795, the Prussian linguist and philosopher Wilhelm von Humboldt (1767–1835) called for an anthropology that would synthesize Kant's and Herder's interests."
277,What kind of rock art was found in the Sudan?,cattle and herdsmen,4,1,Saharan rock art of cattle and herdsmen suggests the presence of a cattle cult like those found in Sudan and other pastoral societies in Africa today.
278,How strong is the rule of law in most Asian countries?,weak or nonexistent,0,0,n/a
279,Who gained temporal power in Tibet in the 1240s?,Mongolian prince Khuden,1,1,"Mongolian prince Khuden gained temporal power in Tibet in the 1240s and sponsored Sakya Pandita, whose seat became the capital of Tibet."
280,What is 'a warmup match' another term for?,exhibition game,3,2,"Exhibition games outside of a structured season are relatively common among indoor American football leagues; because teams switch leagues frequently at that level of play, it is not uncommon to see some of the smaller leagues schedule exhibition games against teams that are from another league, about to join the league as a probational franchise, or a semi-pro outdoor team to fill holes in a schedule."
281,Who was Northwestern's first dean of women?,Frances Willard,0,0,n/a
282,How many museums does the Palais Rohan hold? ,three,1,1,"palaces), among which the Palais Rohan (1742, now housing three museums) is the most spectacular."
283,What industry are all of the Oklahoma-based Fortune 500 companies in?,energy,0,0,n/a
284,What group wanted to use violent means to over throw the British rule?,Indian National Army,0,0,n/a
285,How did Nasser respond to economic problems in Syria?,nationalized wide-ranging sectors of the Syrian economy,0,0,n/a
286,Where was the decision made for this council?,the Basilica of Saint Paul Outside the Walls,0,0,n/a
287,Time is one of the fundamental physical quantities in which two systems?,the International System of Units and International System of Quantities,0,0,n/a
288,What previously stood where the bank is now?,the former wholesale market,0,0,n/a
289,What is the largest religion in St. John's?,Christian,5,2,"Paul VI sought dialogue with the world, with other Christians, other religions, and atheists, excluding nobody."
290,What military organization did von NEumann also consult with for military aspect of nuclear weapons?,Armed Forces Special Weapons Project,0,0,n/a
291,What other Sony gaming console was Hirai setting his sales goal to beat?,PlayStation 2,0,0,n/a
292,Who exercised the power to withold royal assent in Alberta in 1937?,John C. Bowen,1,2,"The power to withhold the royal assent was exercised by Alberta's lieutenant governor, John C. Bowen, in 1937, in respect of three bills passed in the legislature dominated by William Aberhart's Social Credit party."
293,What group is an advanced observation of infinite field extensions and groups that is adapted for the needs of algebraic geometry?,the étale fundamental group,1,1,"An advanced generalization of this idea, adapted to the needs of algebraic geometry, is the étale fundamental group."
294,Who did France restore into power?,Dacko,0,0,n/a
295,What are those with asthma that is poorly controll more susceptable to? ,radiocontrast reactions,1,1,"Those with asthma, especially if it is poorly controlled, are at high risk for radiocontrast reactions."
296,What does the acronym RLV stand for?,Recordable LaserVision disc,1,2,"Another form of recordable LaserDisc that is completely playback-compatible with the LaserDisc format (unlike CRVdisc with its caddy enclosure) is the RLV, or Recordable LaserVision disc."
297,How high was public faith in the monarchy when King George assumed the throne?,low,2,1,"King George V was horrified, so the queen kept her hemline unfashionably low."
298,What does Spain's government accounts for?,"8% of public spending, 38% for the regional governments, 13% for the local councils, and the remaining 31% for the social security system",0,0,n/a
299,How many species of polychaetes have known lifecycles?,about 25%,0,0,n/a
300,"Who defined god as ""that than which nothing greater can be conceived""?",St. Anselm,1,1,"St. Anselm's approach was to define God as, ""that than which nothing greater can be conceived""."
301,What was the goal of the 2002 Philippines deployment?,combating Filipino Islamist groups,0,0,n/a
302,After how long did the government collapse?,nine months,0,0,n/a
303,Where is Estonia ranked in the 2015 Index of Economic Freedom?,8th,1,1,"The country is ranked 8th in the 2015 Index of Economic Freedom, and the 4th freest economy in Europe."
304,Which company owns and operates the Alaska United Fiber Optic System?,GCI,1,2,Alaska's internet and other data transport systems are provided largely through the two major telecommunications companies: GCI and Alaska Communications.
305,What did Paul Feyerabend ultimate do to Popper's philosophy of science?,repudiated it entirely,0,0,n/a
306,What did Bortolazzi say about the sound? ,"less pleasing...hard, zither-like tone",0,0,n/a
307,What percent of the fly genome is similar to the human genome,70%,0,0,n/a
308,Why is using racial categorization for profiling often criticized? ,perpetuating an outmoded understanding of human biological variation,1,2,"This use of racial categories is frequently criticized for perpetuating an outmoded understanding of human biological variation, and promoting stereotypes."
309,What is clothing made to order for private clients called?,haute couture,0,0,n/a
310,What is the origin of Sibyl?,Anatolia,2,2,"The inspiration oracular cult was probably introduced into Greece from Anatolia, which is the origin of Sibyl, and where existed some of the oldest oracular shrines."
311,What was thought to be the main focal point of the debate?,foreign policy,0,0,n/a
312,Which areas were involved in the ANZUS Treaty?,"Australia, New Zealand and the United States",0,0,n/a
313,When was Kato Kiyomasa in power?,the Sengoku Era,0,0,n/a
314,Which two teams would you normally separate when writing and testing software?,testing organization may be separate from the development team,1,1,"In the current culture of software development, a testing organization may be separate from the development team."
315,The rejection of the plan by the Saarlanders was interpreted as support for the Saar to do what?,join the Federal Republic of Germany.,1,1,The rejection of the plan by the Saarlanders was interpreted as support for the Saar to join the Federal Republic of Germany.
316,What does Liquidmetal Technologies use for their alloys?,zirconium,0,0,n/a
317,"Changing values of n, the Boltzmann constant, or other variables resulted in learning what about Planck's law?",Making an equation out of Planck's law that would reproduce the Rayleigh–Jeans law could not be done,1,1,"Making an equation out of Planck's law that would reproduce the Rayleigh–Jeans law could not be done by changing the values of h, of the Boltzmann constant, or of any other constant or variable in the equation."
318,What company filed for Chapter 11 bankruptcy?,Solyndra,0,0,n/a
319,Who is said to have ended the Black Death in 1624?,Santa Rosalia,0,0,n/a
320,What is the ratio of boron to potassium nitrate in green pyrotechnic flares?,75:25,1,1,Green pyrotechnic flares can use a mix ratio 75:25 of boron and potassium nitrate.
321,Zinc in the main metal used in making which american currency?,one cent coins,1,1,Zinc is the primary metal used in making American one cent coins since 1982.
322,What is another name for New Classical Architecture?,"Neo-Historicism/Revivalism, Traditionalism",0,0,n/a
323,What is the term used for books that lay out spelling rules?,pravopis,0,0,n/a
324,What times are generally reserved for local newscasts?,from 5:00 p.m. to 6:30 p.m.,0,0,n/a
325,In what era did the mountains form?,Ordovician Period,0,0,n/a
326,Who has IBM partnered with to allow retail shoppers to easily donate money?,Pennies,1,1,"Since July 2011, IBM has partnered with Pennies, the electronic charity box, and produced a software solution for IBM retail customers that provides an easy way to donate money when paying in-store by credit or debit card."
327,"Complex organisms can occupy this, that are not available to their simpler brethern?",ecological niches,0,0,n/a
328,What city did King Frederick William use to flee Prussia?,Königsberg,0,0,n/a
329,What battle did the Spanish win in 1571?,Battle of Lepanto,0,0,n/a
330,"In classical physics, an inertial reference frame is one in which an object without force does what?",does not accelerate,2,1,"In classical physics, an inertial reference frame is one in which an object that experiences no forces does not accelerate."
331,What era saw an increase in metal tool use?,Copper Age,0,0,n/a
332,Who did Hayek say should provide a safety net for society?,the state,0,0,n/a
333,What type of diet is no longer recommended?,BRAT diet,4,1,Diet restrictions such as the BRAT diet are no longer recommended.
334,How were the madaris funded during the medieval period?,through a religious endowment,0,0,n/a
335,"Along with West, Downtown and North, what is the other notable area of Miami?",South,4,1,"Its original boundaries were formed by the downtown streets of North, East, West and South streets."
336,What type of economy did Philadelphia have?,industrial,0,0,n/a
337,What secret society did Kerry join?,Skull and Bones Society,0,0,n/a
338,How high is Rajasthan ranked among domestic Indian tourists?,fourth,3,2,[citation needed] Himachal Pradesh has been ranked fourth in the list of the highest per capita incomes of Indian states.
339,What is the current Zip Code range in Guam?,96910–96932,1,1,"Postal System (postal abbreviation: GU, ZIP code range: 96910–96932), mail to Guam from the U.S. mainland is considered domestic and no additional charges are required."
340,What was instrumentalism a modification of?,James' pragmatism,0,0,n/a
341,What does Ward see as the purpose of interaction between monads?,self- betterment,0,0,n/a
342,"In Czech, what type of words do the characters ""q"", ""w"" and ""x"" exclusively appear in?",foreign,1,1,"The characters q, w and x appear only in foreign words."
343,Which type of schooling can be most expensive?,Online courses,0,0,n/a
344,Which Tennessee Senator was the only Republican first-time Senator elected in 2006?,Bob Corker,1,2,Tennessee's Bob Corker was the only freshman Republican elected to the United States Senate in the 2006 midterm elections.
345,What region's post-punk scene incorporated ideas from Theater of Cruelty?,San Francisco's,1,1,"San Francisco's vibrant post-punk scene was centered around such groups as Chrome, the Residents and Tuxedomoon, who incorporated multimedia experimentation, film and ideas from Antonin Artaud's Theater of Cruelty."
346,How close to the line of scrimmage can defensive players approach before a play is run?,one yard,1,2,unless he is within one yard of the line of scrimmage (instead of 5 yards (4.6 m) in American football).
347,Who led the British assault on Ft. Duquesne?,British Major General Edward Braddock,2,1,"In July British Major General Edward Braddock led about 2,000 army troops and provincial militia on an expedition to retake Fort Duquesne, but the expedition ended in disastrous defeat."
348,What did Feynman produce that help in understanding calculations between particles in space and time?,Feynman diagrams,1,1,"He also developed Feynman diagrams, a bookkeeping device that helps in conceptualizing and calculating interactions between particles in spacetime, including the interactions between electrons and their antimatter counterparts, positrons."
349,What is the nationality of Seham Sergewa?,Libyan,0,0,n/a
350,What date did the Evangelos Florakis Naval Base explosion occur?,11 July 2011,0,0,n/a
351,When did Spielberg buy a sled from Citizen Kane?,1982,1,1,"A collector of film memorabilia, Spielberg purchased a balsa Rosebud sled from Citizen Kane (1941) in 1982."
352,This decision reflected a revision of what?,the ASME A17.1,0,0,n/a
353,What dominates the Kuiper belt? ,Neptune's gravity,0,0,n/a
354,What is required in order for the guide rails to operate properly?,a single polarity supply,1,1,One of the guide rails is bonded to the return conventional running rails situated inside the roadway so a single polarity supply is required.
355,How does this mandate help Spanish speaking residents?,websites in Spanish to assist residents who have limited English proficiency.,1,1,"The Government of Texas, through Section 2054.116 of the Government Code, mandates that state agencies provide information on their websites in Spanish to assist residents who have limited English proficiency."
356,What Charleston Reverend established the Jenkins Orphanage?,Daniel J. Jenkins,1,2,Daniel J. Jenkins in Charleston.
357,Why did the government  and civil service not want to relocate during the war?,damage civilian morale,0,0,n/a
358,What prompts the need for formal consultation?,if the harm is believed to be likely,0,0,n/a
359,What year was the uncertainty principle formed?,"1927,",0,0,n/a
360,Which confederation defeated the Han in 200 BC?,The Xiongnu,1,2,"The Xiongnu, a nomadic steppe confederation, defeated the Han in 200 BC and forced the Han to submit as a de facto inferior partner, but continued their raids on the Han borders."
361,What script were the Birmingham Quran fragments written in?,Hijazi,0,0,n/a
362,"In the southwest, how high do temperatures get?",100 °F (37.8 °C),1,1,"The Southwest is a hot desert, with temperatures exceeding 100 °F (37.8 °C) for several weeks at a time in summer."
363,What type of paper can Photo CD images be produced on?,photographic paper,1,2,The images can also be printed out on photographic paper with a special Kodak machine.
364,Who filed a patent for the field-effect transistor?,Physicist Julius Edgar Lilienfeld,1,1,"Physicist Julius Edgar Lilienfeld filed a patent for a field-effect transistor (FET) in Canada in 1925, which was intended to be a solid-state replacement for the triode."
365,What were the military dominated governments known as?,the Beiyang government,0,0,n/a
366,When was Okinawa finally returned?,"May 15, 1972",2,1,"Okinawa was returned on May 15, 1972, but the U.S. stations troops in the island's bases as a defense for Japan."
367,"Besides low gain antennas, what is also used as driven elements in complicated higher gain types of antennas?",dipoles,1,1,"Used individually as low gain antennas, dipoles are also used as driven elements in many more complicated higher gain types of antennas."
368,What does the seed coat protect?,embryo,0,0,n/a
369,South central Hyderabad is generally the home to what attractions?,historic and tourist sites,0,0,n/a
370,In what year did Tony hawk's American Wasteland release?,2005,0,0,n/a
371,Where is the Village located at Washington University?,the northwest corner of Danforth Campus,0,0,n/a
372,What was the State Department hoping for the CIA to do?,create global political change favorable to the US,0,0,n/a
373,Who has criticized the IASP's system?,Clifford J. Woolf and others,0,0,n/a
374,What kind of database is XML?,structured document-oriented database,0,0,n/a
375,Which shopping area is on East University?,Fourth Avenue Shopping District,0,0,n/a
376,What is another name for the Armenian Revolutionary Federation?,Dashnaktsutyun,0,0,n/a
377,What can lateral gene transfer create in bacteria?,different morphologies and metabolisms,1,1,"Due to lateral gene transfer, some closely related bacteria can have very different morphologies and metabolisms."
378,What class of PCBs are even more susceptible to static than standard ones?,non-traditional,0,0,n/a
379,Whee these new inhabitants welcomed ?,Turkish invasion of Cyprus,0,0,n/a
380,When will the BBC's weekend highlights package run out?,2016,0,0,n/a
381,What year were limits placed upon plebeians that prevented them from holding more than one office concurrently?,342 BC,1,2,"Plebiscites of 342 BC placed limits on political offices; an individual could hold only one office at a time, and ten years must elapse between the end of his official term and his re-election."
382,Was Germany's declaration of war with the U.S. considered to be sound strategy?,strategic blunder,0,0,n/a
383,Why did San Diego lose its pueblo status in 1838?,its size dropped to an estimated 100 to 150 residents,1,1,"However, San Diego had been losing population throughout the 1830s and in 1838 the town lost its pueblo status because its size dropped to an estimated 100 to 150 residents."
384,What science university did Saudi Arabia establish?,King Abdullah University of Science and Technology,0,0,n/a
385,How many UNESCO World Heritage Sites does Iran have?,19,3,2,Boudhanath became a UNESCO World Heritage Site in 1979.
386,The British-Irish Council has added representatives from which parliament?,Scottish Parliament,3,2,"In 1695, the Scottish Parliament granted a charter to the Company of Scotland, which established a settlement in 1698 on the isthmus of Panama."
387,A ball cannot be received in what type of position?,offside,2,1,"Within normal play, all players are free to play the ball in any direction and move throughout the pitch, though the ball cannot be received in an offside position."
388,Who conferred primacy to the Eyre Estate of St John's Wood?,Sir John Summerson,2,1,Sir John Summerson gave primacy to the Eyre Estate of St John's Wood.
389,What were the HIV infection rates in 2007?,2%,0,0,n/a
390,"What do philosophers do, in Whitehead's view?",make metaphysical assumptions about how the universe works,1,2,"In Whitehead's view, scientists and philosophers make metaphysical assumptions about how the universe works all the time, but such assumptions are not easily seen precisely because they remain unexamined and unquestioned."
391,When was resistance first discussed as a problem in the raising of farm animals?,1977,0,0,n/a
392,How many Windows 8 editions are there?,three,0,0,n/a
393,Until what date was Swaziland bound by umchwasho?,19 August 2005,0,0,n/a
394,When was the Old Testament translated into Greek?,3rd century BCE,0,0,n/a
395,When is control turned back over to ground control?,After a plane has landed,1,1,"After a plane has landed, it will depart the runway and be returned to Ground Control."
396,Who ruled in Prince Oleg's place following his death?,his wife Olga,1,1,"Following the death of Grand Prince Igor in 945, his wife Olga ruled as regent in Kiev until their son Sviatoslav reached maturity (ca."
397,How much sooner than the Genesis did the Street Fighter II game come out for SNES?,over a year,1,1,"Nintendo however, scored an early public relations advantage by securing the first console conversion of Capcom's arcade classic Street Fighter II for SNES, which took over a year to make the transition to Genesis."
398,When did evidence of wheeled vehicles appear throughout the world?,mid 4th millennium BC,1,1,"Evidence of wheeled vehicles appeared in the mid 4th millennium BC, near-simultaneously in Mesopotamia, the Northern Caucasus (Maykop culture) and Central Europe."
399,By what means did the British govern Tuvalu?,British protectorate,0,0,n/a
400,Does everyone agree on the credit that should be given for the story of Mary's inception ?,Others have rejected that the doctrine of Immaculate Conception exists in Islam,0,0,n/a
401,What is the life expectancy in Namibia?,52.2,1,1,"In 2014 it ranked 22nd 
Life expectancy at birth is estimated to be 52.2 years in 2012 – among the lowest in the world."
402,What math competition has Russian as an official language?,International Mathematical Olympiad,0,0,n/a
403,How does the US employ the global reach capability of airlift? ,delivering forces to crisis locations,2,1,The global reach capability of airlift provides the ability to apply US power worldwide by delivering forces to crisis locations.
404,LED efficacy is inversely proportional to what?,operating temperature,1,1,"Since LED efficacy is inversely proportional to operating temperature, LED technology is well suited for supermarket freezer lighting."
405,What treaty addresses nuclear weapons?,Nuclear Non-Proliferation Treaty,0,0,n/a
406,What is the smallest bird?,bee hummingbird,0,0,n/a
407,What shape of emblem signified a Han official?,square emblem,0,0,n/a
408,What language do the Highland Quichuas speak?,Kichwa,0,0,n/a
409,In what year was the Little Red Book published?,1966,1,1,"The Little Red Book, a collection of quotations from Chairman Mao Tse-Tung, founding father of the People's Republic of China (PRC), was published in 1966 and widely distributed thereafter."
410,Who was last ruler of Ptolemaic Kingdom?,Cleopatra VII,0,0,n/a
411,When was the double indirect method invented?,1989,0,0,n/a
412,In multiple countries in Europe students can attend a university with what kind if financial burden?,without tuition fees,0,0,n/a
413,How were Roman camps laid out?,standard pattern,1,1,Roman camps followed a standard pattern for defense and religious ritual; in effect they were Rome in miniature.
414,What type of videos did youtube officially start supporting in July 2009?,3D,0,0,n/a
415,What did the court rule outlawing polygamy was?,constitutional,3,1,"Considering this, the court ruled that outlawing polygamy was constitutional."
416,Whose death caused an increase in the French civil wars?,Henry II,0,0,n/a
417,When did Brasilia's presidential residence open?,1958,0,0,n/a
418,How many tons of marble does Greece produce?,"920,000 tons",1,1,"Currently, Greece is ranked third in the European Union in the production of marble (over 920,000 tons), after Italy and Spain."
419,What is the title of seconde in command for majority party in congress?,Majority Leader,2,1,"Unlike the Majority Leader, the Minority Leader is on the ballot for Speaker of the House during the convening of the Congress."
420,What type of Armenian is spoken by Armenians in Iran and Russia?,Eastern,1,2,"They, as well as the Armenians of Iran and Russia speak the Eastern dialect of the Armenian language."
421,"What is considered the inspired, inerrant word of God?",The entire Protestant canon,3,1,"The entire Protestant canon of scripture is considered the inspired, inerrant word of God."
422,What job did Eisenhower hold after his second tenure as president of Columbia?,President of the United States,0,0,n/a
423,How many white people live in the Bronx?,"320,640",0,0,n/a
424,What is the financial incentive when a home is worth less than the mortgage loan?,foreclosure,1,1,"Falling prices also resulted in homes worth less than the mortgage loan, providing a financial incentive to enter foreclosure."
425,When did people first start arriving in the European continent?,"45,000 years ago",0,0,n/a
426,What well known socialist adopted the usage of this term in Germany?,Karl Marx,0,0,n/a
427,The collision of the Indian sub continent and the Asian plate created which mountain range?,the Himalayas,3,1,"The Tethys was later squeezed between colliding plates causing the formation of mountain ranges called the Alpide belt, from Gibraltar through the Himalayas to Indonesia—a process that began at the end of the Mesozoic and continues into the present."
428,In what year did Paris get a police force?,1667,0,0,n/a
429,After WWII criminals were largely prosecuted under CPPCG for their involvement in what massive genocidal effort?,the Holocaust,1,1,"Because the universal acceptance of international laws which in 1948 defined and forbade genocide with the promulgation of the Convention on the Prevention and Punishment of the Crime of Genocide (CPPCG), those criminals who were prosecuted after the war in international courts for taking part in the Holocaust were found guilty of crimes against humanity and other more specific crimes like murder."
430,How does the determination between Patois and Creole French usually determined?,racially,1,2,"Unlike other populations in the Caribbean, language preference between the Créole and Patois is geographically, and not racially, determined."
431,What do they want to impliment in 2016?,a 12-year system,0,0,n/a
432,How many programs did NDtv feature in 2002?,one show,0,0,n/a
433,What do groups of anthropologists object to the use of anthropology for benefit of?,the state,1,1,Professional anthropological bodies often object to the use of anthropology for the benefit of the state.
434,What did the Spanish call this region?,Montaña del Norte,0,0,n/a
435,How much of Pakistan's GDP came from Punjab in 2000?,54.7%,0,0,n/a
436,Where does the Richmind-Petersburg DMA rank in the United States?,58th,0,0,n/a
437,What does the protein hemagglutinin bind together?,red blood cells,5,1,"The ability of the viral protein hemagglutinin to bind red blood cells together into a detectable matrix may also be characterized as a biochemical test for viral infection, although strictly speaking hemagglutinin is not an enzyme and has no metabolic function."
438,What was the head of an animal displayed as?,sign of prowess,4,1,"In the 19th century, southern and central European sport hunters often pursued game only for a trophy, usually the head or pelt of an animal, which was then displayed as a sign of prowess."
